Name|Description|Deadline
Lorem Ipsum|Lorem ipsum dolor sit amet, consectetur adipiscing elit, sed do eiusmod|05072019
Tempor ut|tempor incididunt ut labore et dolore magna aliqua. Bibendum at varius|05062019
Pharetra|vel pharetra vel turpis nunc eget lorem. Elementum nibh tellus molestie|05052019
Blandit massa|nunc non blandit massa enim. Fusce id velit ut tortor pretium viverra|05042019
Mauris|suspendisse. Mauris a diam maecenas sed enim ut sem viverra. Facilisis|05032019
Lobortis|magna etiam tempor orci eu lobortis elementum. Nunc mattis enim ut|05022019
Sagittis|tellus elementum sagittis vitae et leo. In ante metus dictum at. Diam|05012019
Egestas|volutpat commodo sed egestas egestas. Senectus et netus et malesuada|05112020
Turpis|fames ac turpis egestas integer. Leo a diam sollicitudin tempor id eu nisl|05102020
Volutpat|nunc mi. Volutpat commodo sed egestas egestas fringilla phasellus|05092020
Phasellus|faucibus scelerisque eleifend. Phasellus vestibulum lorem sed risus|05082020
Velit|ultricies tristique nulla aliquet. Sed velit dignissim sodales ut. Nunc id|05072020
Eleifend|cursus metus aliquam eleifend mi in.|05122020
